pair,min_centroid,min_footprint,t_centroid,t_footprint,ttc_accel_poly,ttc_cv_poly,ttc_accel_pt,clearance_overstatement,timing_lead
487-527,8.13513380903355,6.873213033344245,135.42448346590623,135.42448346590623,,2.3999999999999995,,1.2619207756893038,0.0
749-797,2.052787064092366,0.7368004066408762,190.5548051428285,190.70488768822847,0.65,0.8500000000000002,,1.3159866574514898,-0.15008254539995391
831-1883,3.3616149771811656,2.0478593186415885,199.70984041222675,199.6598128970934,1.5000000000000007,,,1.313755658539577,0.05002751513336534
823-1534,5.16175794862329,2.3219482581220365,199.5597578668268,199.5597578668268,1.1000000000000003,2.0500000000000007,,2.8398096905012533,0.0
334-1739,2.959640731115487,1.4113318916185165,86.54760118064935,86.79773875631597,,,,1.5483088394969706,-0.25013757566661354
494-534,6.28275313776703,4.991588857167223,140.62734503977188,141.22767522137175,,,,1.2911642805998076,-0.6003301815998725
141-152,3.9421824041339613,2.2821202269745,37.3205262894592,36.37000350192606,,2.25,,1.6600621771594612,0.9505227875331457
1623-1963,8.55328899329173,6.999249886422945,287.6081845014758,287.6081845014758,,,,1.5540391068687853,0.0
250-1367,6.381356207336058,2.825583579950205,62.384311371254185,62.384311371254185,,1.2500000000000004,,3.5557726273858528,0.0
32-44,6.662109111428945,5.0344934520520646,7.8042923607984385,7.354044724598529,,,,1.6276156593768807,0.4502476361999097
582-583,7.0589396056294476,6.4483150792078305,143.9291610385712,143.9291610385712,,,,0.610624526421617,0.0
682-1838,5.120668357695135,3.842117596731681,160.2381309720346,160.2381309720346,,,,1.278550760963454,0.0
566-592,8.883287611843212,6.7891958509503425,146.9308119465706,146.9308119465706,,,,2.0940917608928693,0.0
1101-1113,7.921987793946535,6.331095910087422,259.4426934814148,258.29206063334834,,,,1.590891883859113,1.1506328480664365
456-487,4.852438840085011,2.6339062602953547,134.62404322377307,133.97368552703986,2.3,2.7499999999999982,,2.218532579789656,0.6503576967332094
475-485,9.791094061309712,6.799096272018399,131.22217219470707,130.72189704337384,,,,2.9919977892913128,0.5002751513332271
849-900,0.5154211048441824,0.0,209.81539846915803,209.81539846915803,,,,0.5154211048441824,0.0
812-829,9.892470068322334,7.604239491096692,200.91050077542647,200.81044574515985,1.6000000000000008,,,2.288230577225642,0.100055030266617
564-1791,2.115970047527711,0.9626328410127938,143.17874831157135,142.92861073590475,2.3999999999999995,2.9999999999999973,,1.1533372065149172,0.25013757566659933
37-65,7.937745983919584,7.136020449687628,10.355695632597929,10.105558056931311,,,,0.8017255342319558,0.2501375756666171
584-1799,2.4779843858657493,0.3023769904578337,149.38216018810346,149.63229776377003,1.3000000000000005,,,2.1756073954079156,-0.2501375756665709
257-1367,9.487113573195755,8.519309641615637,62.48436640152084,62.48436640152084,,,,0.9678039315801179,0.0
634-1476,5.145706153275895,4.575991224465611,153.43438891390264,153.43438891390264,,,,0.5697149288102841,0.0
523-1768,2.587756297230541,1.564378281768363,135.9247586172395,135.7746760718395,,,,1.0233780154621779,0.15008254539998234
487-495,6.239372471609577,3.6139269039033763,134.17379558757315,134.17379558757315,0.25,0.35,,2.6254455677062003,0.0
1102-1114,2.191689087935057,0.0,260.8434639051478,260.8434639051478,,,,2.191689087935057,0.0
336-1745,3.639185897173322,2.104719620446703,101.50582820551304,101.50582820551304,1.5000000000000007,,,1.534466276726619,0.0
475-1768,8.697053728389333,7.315570739435245,131.17214467957376,131.07208964930712,1.3500000000000005,2.1000000000000005,,1.3814829889540885,0.10005503026664542
851-858,4.893473903597187,0.54722289963874,203.51193156235928,203.71204162289257,7.299999999999982,,,4.3462510039584465,-0.20011006053329083
1168-1606,9.872704620141727,6.272706110138387,266.8467657211466,266.9968482665466,,,,3.5999985100033403,-0.15008254539998234
531-1768,1.0197457478508658,0.1050627858646358,135.67462104157286,135.9247586172395,,,,0.91468296198623,-0.25013757566662775
837-851,3.4088916051309313,0.0,205.56305968282555,205.4129771374256,0.8000000000000002,1.3500000000000005,,3.4088916051309313,0.15008254539995391
849-873,3.7482284883865846,1.8376965496616628,209.1650407724248,209.46520586322475,2.000000000000001,2.3999999999999995,,1.9105319387249218,-0.3001650907999647
807-837,2.6644414181115086,1.51335796872468,202.76151883535945,203.26179398669268,,,,1.1510834493868285,-0.5002751513332271
1081-1088,3.7638578752878926,2.5097618414825202,254.1397768772825,254.1397768772825,,,,1.2540960338053724,0.0
873-1541,4.454488888574155,1.380342944806074,208.91490319675825,208.91490319675825,,,,3.074145943768081,0.0
1207-1227,1.370804919663732,0.7608977038458264,286.80774425934266,287.00785431987595,,1.0000000000000002,,0.6099072158179055,-0.20011006053329083
1799-1800,5.997819983440183,4.605239869781926,150.03251788483666,150.03251788483666,,,,1.3925801136582576,0.0
673-2031,4.577834736689892,2.1900008138822216,159.1375256391015,159.23758066936816,,,,2.387833922807671,-0.10005503026664542
849-1881,6.146714437938023,4.647235469801252,205.9132522887588,204.0122067136925,,,,1.4994789681367706,1.9010455750662913
517-576,7.048765847873046,5.647492005637455,143.42888588723798,143.278803341838,,,,1.4012738422355913,0.15008254539998234
334-1388,7.097932585023704,5.3134206144064,86.54760118064935,86.54760118064935,,,,1.784511970617304,0.0
457-496,8.54208898161577,6.900955749743446,134.42393316323978,134.42393316323978,,,,1.641133231872324,0.0
639-647,6.026663589119236,3.281645657793419,154.48496673170243,154.48496673170243,,,,2.745017931325817,0.0
193-1707,10.123160868891603,8.12834576251086,45.22487368052429,45.22487368052429,,,,1.9948151063807433,0.0
456-513,5.005756617824947,3.6937107287360256,134.12376807243984,134.12376807243984,,,,1.312045889088921,0.0
471-473,1.446455705022079,0.1929775366560733,129.3211266196408,129.37115413477412,,,,1.2534781683660057,-0.0500275151333085
1017-2057,1.1140752716020281,0.0,238.43113712541896,238.43113712541896,0.2,0.35,,1.1140752716020281,0.0
981-985,7.891773495775028,5.8620754178799075,233.1282205212867,233.72855070288657,,,,2.0296980778951204,-0.6003301815998725
1220-1623,9.492722248490763,7.94403869080322,280.5543048676772,281.0045525038771,,,,1.5486835576875428,-0.45024763619989017
865-873,8.157284019193119,3.453447984147857,205.76316974335884,205.76316974335884,,,,4.703836035045262,0.0
1495-2031,7.587438199255865,5.7914807915299065,159.18755315423482,159.7878833358347,,,,1.7959574077259584,-0.6003301815998725
517-573,3.1007512498216654,1.8654171176919307,144.42943618990444,144.57951873530442,,,,1.2353341321297346,-0.15008254539998234
829-1898,8.081039532490864,6.389833149093711,202.6614638050928,202.51138125969285,,,,1.6912063833971533,0.15008254539995391
829-849,5.698498807280864,2.4508776653413022,202.61143628995947,202.8115463504928,,,,3.247621141939562,-0.20011006053331926
1061-1127,4.3148272483927625,3.5403940945890433,259.4426934814148,259.4426934814148,,,,0.7744331538037192,0.0
493-501,3.6257925744912787,2.237428867538812,133.67352043623993,133.47341037570664,1.0500000000000003,2.4499999999999993,,1.3883637069524668,0.20011006053329083
457-501,2.6721718789704356,1.2597404044139893,133.27330031517334,133.57346540597328,,,,1.4124314745564464,-0.30016509079993625
148-167,1.8741670729616289,0.0,36.57011356245936,36.770223622992646,,,,1.8741670729616289,-0.20011006053328373
401-444,7.583316068521784,6.239989293886566,120.91650407724248,120.86647656210916,,,,1.3433267746352175,0.05002751513332271
831-1534,4.195848928317032,2.67056605973886,200.1100605332933,199.6598128970934,,,,1.5252828685781719,0.4502476361999186
517-557,5.205397453560075,0.3874551690475272,141.3777577667717,141.3777577667717,0.2,0.35,,4.817942284512548,0.0
1101-1121,7.837272128748063,6.304880769678988,259.4426934814148,258.4421431787483,0.39999999999999997,0.5499999999999999,,1.5323913590690754,1.0005503026664542
1853-1863,3.54105666991365,2.764963515841089,174.29586272449848,172.99514733103206,,0.8500000000000002,,0.7760931540725613,1.3007153934664188
142-144,6.89704567535422,3.5258163713830157,31.717444594526988,31.617389564260343,1.0000000000000002,,,3.3712293039712042,0.10005503026664542
1001-1561,5.812370123475647,2.6557098011955134,237.6807243984192,237.6807243984192,0.9000000000000002,0.9000000000000002,,3.1566603222801337,0.0
865-871,7.2414825562483225,6.006188390015236,208.21451798489167,207.96438040922507,1.850000000000001,1.7000000000000008,,1.2352941662330865,0.25013757566659933
865-870,8.287526032818585,4.4198434294020075,205.4129771374256,205.4129771374256,,,,3.8676826034165774,0.0
741-1503,4.636577419429016,3.8744756787578183,173.89564260343187,173.89564260343187,1.6500000000000008,,,0.7621017406711976,0.0
940-944,3.985357032551376,1.4105013687948968,218.42013107208965,218.82035119315623,1.1000000000000003,,,2.574855663756479,-0.40022012106658167
561-1784,1.1678771834511517,0.0,143.82910600830456,143.82910600830456,5.349999999999989,,,1.1678771834511517,0.0
554-555,9.533261708601852,8.08189032866487,140.12706988843863,140.12706988843863,,,,1.4513713799369832,0.0
849-1541,2.976212829494622,1.787998232870379,211.51633398369103,211.51633398369103,1.4000000000000006,4.399999999999992,,1.1882145966242432,0.0
851-856,7.87440242897441,5.282975464128782,205.31292210715893,204.31237180449247,0.9000000000000002,,,2.5914269648456276,1.0005503026664542
1252-1266,1.278481299818702,0.16791796869536313,294.0117064385412,294.0117064385412,0.25,0.25,,1.110563331123339,0.0
966-987,1.6301104583666401,0.29337457773613407,232.8780829456201,232.5278903396868,,,,1.336735880630506,0.3501926059333016
31-37,6.4810508535081155,5.111204038545807,5.653109210065536,5.052779028465656,,,,1.3698468149623082,0.6003301815998805
1114-1937,3.2369976246355363,2.009909955429549,258.39211566361496,258.29206063334834,,,,1.227087669205987,0.100055030266617
865-1898,1.9992632215615789,0.7457231053169728,206.0633348341588,206.0633348341588,,0.8000000000000002,,1.253540116244606,0.0
868-887,8.578846690508955,7.734840653557681,208.11446295462505,207.6642153184252,,,,0.8440060369512743,0.45024763619986174
1945-1950,4.859046274837406,3.036201721071092,274.25083796087847,273.7005352944119,,,,1.8228445537663145,0.550302666466564
1003-1561,2.233804685024114,0.9534206857592302,239.68182500375207,239.73185251888532,,1.3500000000000005,,1.2803839992648838,-0.050027515133251654
1018-1036,8.611093748565912,6.932893947085091,244.6845765170844,244.63454900195103,,,,1.6781998014808206,0.05002751513336534
1174-1945,9.751820735233313,7.2105912379065344,271.7994897193456,270.148581719946,,,,2.5412294973267784,1.6509079993996352
1512-2045,1.0201728017363967,0.41709518394374356,191.4553004152284,191.4553004152284,0.15000000000000002,,,0.6030776177926531,0.0
551-1802,2.994821332867816,1.8246315025707034,147.9813897643704,148.03141727950373,6.8999999999999835,,,1.1701898302971125,-0.05002751513333692
1252-1623,3.364597646894965,1.4220147575438489,292.66096352994145,292.2107158937416,,0.49999999999999994,,1.9425828893511161,0.4502476361998333
44-59,7.398901654329579,5.406605106372719,10.005503026664666,9.855420481264694,,,,1.99229654795686,0.15008254539997168
334-1390,2.6432592989065418,1.3679543206593294,87.69823402871579,87.59817899844914,1.850000000000001,3.7499999999999947,,1.2753049782472123,0.10005503026664542
1062-1092,3.9604765832896374,1.9134219229018754,254.28985942268247,254.28985942268247,3.1999999999999966,,,2.047054660387762,0.0
1081-1083,5.308781788251968,3.7360645246824213,256.8912902096153,256.44104257341536,,,,1.572717263569547,0.450247636199947
504-523,1.6587645951243581,0.0,135.074290859973,134.52398819350643,0.05,0.05,,1.6587645951243581,0.550302666466564
1227-1230,2.92286120394902,2.2611457743368852,288.6587623192756,288.8588723798089,,3.349999999999996,,0.6617154296121348,-0.20011006053329083
36-1296,0.025574755529204126,0.0,6.853769573265296,6.7036870278653256,0.05,0.05,,0.025574755529204126,0.1500825453999708
517-558,6.0034258895195505,4.395277586002223,143.17874831157135,142.47836309970484,1.850000000000001,,,1.6081483035173276,0.7003852118665179
37-59,8.122354916833714,6.460947099860668,10.005503026664666,10.155585572064636,,,,1.6614078169730462,-0.1500825453999699
1255-1628,7.2622780183146425,5.241345758248698,290.6098354094752,290.70989043974186,,,,2.020932260065944,-0.10005503026667384
673-1835,3.0365019094985946,0.0,159.3876632147681,159.18755315423482,0.05,0.05,,3.0365019094985946,0.20011006053329083
887-889,7.907611599224982,6.773317177507174,208.96493071189155,208.91490319675825,2.1000000000000005,,,1.134294421717808,0.0500275151333085
964-966,5.375811922086925,1.961529586345815,233.52844064235327,233.52844064235327,,,,3.4142823357411096,0.0
1207-1240,1.4264681467446085,0.786863245498512,287.1579368652759,287.10790935014256,,,,0.6396049012460965,0.0500275151333085
1448-1784,9.050811186287971,7.799897868561956,149.78238030917004,149.78238030917004,,,,1.250913317726015,0.0
494-540,7.908968839551892,5.391409261600643,136.77522637450596,136.77522637450596,,,,2.517559577951249,0.0
551-1807,1.0348714144144033,0.0,147.43108709790386,147.43108709790386,0.05,0.05,,1.0348714144144033,0.0
933-1908,8.403273915433443,6.315692883038437,219.2705988293561,219.2705988293561,,,,2.087581032395006,0.0
691-1463,4.751347942526722,3.3339338204962763,164.79063484916705,164.39041472810044,,2.1500000000000004,,1.4174141220304461,0.4002201210666101
727-1863,3.622818199204576,2.0000534427297225,172.74500975536543,173.0451748461654,,1.0500000000000003,,1.6227647564748535,-0.3001650907999647
540-1427,5.7448439323350415,5.1229361733956535,138.7763269798389,138.7763269798389,,7.099999999999983,,0.621907758939388,0.0
1003-1008,5.9173919022803325,2.999781349589753,236.580119065486,236.580119065486,,,,2.9176105526905793,0.0
584-1784,3.436542158317667,0.0,148.93191255190354,148.93191255190354,0.8500000000000002,4.899999999999991,,3.436542158317667,0.0
634-641,3.325293027590737,0.048625950305947185,153.88463655010256,153.9846915803692,1.1500000000000004,,,3.27666707728479,-0.10005503026664542
779-1874,8.212633970622075,6.206234363778467,183.7010355695633,183.75106308469657,,,,2.0063996068436083,-0.050027515133280076
1016-1561,5.269398884866875,4.233238894281044,239.73185251888532,238.5812196708189,,,,1.0361599905858307,1.150632848066408
1263-1269,1.4334711693201492,0.0,298.0639351643404,298.0639351643404,,,,1.4334711693201492,0.0
1102-1145,9.389195247760181,4.736694418115192,263.44489469208065,263.44489469208065,0.44999999999999996,,,4.652500829644989,0.0
1252-1628,4.694810250050465,2.9872697393433327,292.41082595427486,292.41082595427486,,3.599999999999995,,1.7075405107071324,0.0
344-1739,1.4575289286519584,0.7716634811081846,86.04732602931612,86.09735354444945,,,,0.6858654475437738,-0.05002751513332271
779-1528,9.982866899586218,7.423780919002596,186.6526589624293,186.6526589624293,1.2000000000000004,,,2.559085980583623,0.0
779-2043,9.037864194521658,6.874414758010282,183.7010355695633,183.8010905998299,,,,2.1634494365113763,-0.100055030266617
1227-1964,3.3690083479424593,2.387534479954514,289.7093401370754,289.3091200160088,0.8500000000000002,,,0.9814738679879453,0.40022012106658167
257-271,5.759788099269611,4.3650643546670835,65.13582470358698,65.13582470358698,,,,1.3947237446025271,0.0
503-523,3.332593233115582,2.6724380110116925,134.52398819350643,134.52398819350643,,,,0.6601552221038895,0.0
494-496,2.8744006473806047,0.6386093109202875,132.42283255790684,132.42283255790684,0.49999999999999994,,,2.2357913364603172,0.0
495-1768,2.4390901946841637,1.8416475181134473,134.17379558757315,134.17379558757315,0.15000000000000002,0.15000000000000002,,0.5974426765707164,0.0
1227-1963,1.7776194968032368,1.0028937846997081,284.4564510480764,284.4564510480764,,1.5000000000000007,,0.7747257121035287,0.0
1062-1064,4.01952486270972,2.4249881418844463,250.33768572715,250.2376306968833,,,,1.5945367208252739,0.10005503026670226
641-1821,5.054267400229368,3.1596199799494116,154.0347190955025,154.0347190955025,,,,1.8946474202799566,0.0
1139-1150,6.786242522026632,5.024869922705847,262.8945920256141,262.9946470558807,,,,1.7613725993207856,-0.100055030266617
849-865,4.11056331200112,2.135279193143372,207.01385762169195,206.5135824703587,1.3000000000000005,1.2500000000000004,,1.975284118857748,0.5002751513332555
626-641,0.9714955899260169,0.0,153.88463655010256,153.88463655010256,0.65,,,0.9714955899260169,0.0
1003-1016,5.929298465237509,2.7764106766123433,239.3316323978188,239.58176997348545,,,,3.152887788625166,-0.2501375756666562
876-1898,2.959286441139226,1.564952553013148,206.713692530892,206.563609985492,,,,1.394333888126078,0.15008254539998234
1060-1062,4.603686522638329,1.5729025420891247,248.23653009155035,248.43664015208364,,,,3.030783980549204,-0.20011006053329083
4-19,6.866878567706302,5.5570875702168365,2.8015408474661063,2.8015408474661063,3.2999999999999963,,,1.3097909974894657,0.0
566-1784,2.947695562805071,0.0,143.82910600830456,143.82910600830456,0.05,0.05,,2.947695562805071,0.0
1114-1124,5.912240726637587,3.3847869099567163,261.643904147281,261.79398669268096,1.0500000000000003,1.2500000000000004,,2.527453816680871,-0.15008254539998234
1003-1023,7.18222945042453,4.383133512926506,239.981990094552,239.981990094552,,,,2.7990959374980244,0.0
573-1791,1.630980354170448,0.4876365500775064,143.62899594777127,143.17874831157135,0.8500000000000002,,,1.1433438040929416,0.4502476361999186
488-1421,9.06003944242061,6.666058419153899,131.57236480064034,131.2721997098404,,2.6499999999999986,,2.3939810232667114,0.30016509079993625
1252-1255,8.99431396007708,5.038704643060541,290.8099454700085,290.7599179548752,,,,3.9556093170165383,0.050027515133251654
1207-1963,2.300993192123399,1.622082315843782,287.3580469258092,287.10790935014256,,,,0.678910876279617,0.2501375756666562
712-1854,9.011447385104052,7.530799036555365,172.94511981589875,172.3948171494322,1.6000000000000008,,,1.4806483485486872,0.5503026664665356
849-903,7.295100019511618,4.303302872117854,211.2161688928911,210.71589374155784,,,,2.991797147393764,0.5002751513332555
493-1768,3.1493902065317836,1.7620993022064013,133.92365801190655,133.87363049677322,1.3000000000000005,1.5500000000000007,,1.3872909043253823,0.05002751513333692
730-1508,7.317265319657379,5.57648995553506,174.74611036069837,174.44594526989843,1.5500000000000007,,,1.7407753641223183,0.30016509079993625
730-1856,7.273319358934803,5.648356744710313,172.74500975536543,172.74500975536543,,,,1.62496261422449,0.0
1227-1628,2.611475906890946,1.886549744815482,288.6087348041423,288.75881734954226,,,,0.7249261620754639,-0.15008254539998234
265-1351,2.9154011301506975,0.2621390206638239,63.63499924958728,63.63499924958728,,,,2.6532621094868736,0.0
1061-1122,4.915584877312802,3.7669500911921876,258.54219820901494,258.54219820901494,,,,1.1486347861206143,0.0
58-59,8.028641389090295,5.896946496415637,10.155585572064636,9.805392966131372,,,,2.1316948926746573,0.3501926059332643
1240-1623,2.9958541590313823,2.348777951260721,289.20906498574215,289.20906498574215,,,,0.6470762077706613,0.0
382-473,5.7886416283045685,5.12179948374316,130.12156686177397,129.37115413477412,,,,0.6668421445614081,0.7504127269998548
1114-1942,1.4356326077918744,0.8675880424909028,264.1953074190805,264.14527990394714,1.7000000000000008,2.0500000000000007,,0.5680445653009716,0.05002751513336534
59-65,3.3904278797998795,2.134214423516525,11.106108359597778,11.106108359597778,0.35,0.49999999999999994,,1.2562134562833545,0.0
494-556,5.386771284021518,4.025815738545383,141.1276201911051,140.57731752463854,,,,1.360955545476135,0.550302666466564
1003-1021,5.784931901744243,2.309655290261219,238.88138476161888,238.88138476161888,,,,3.4752766114830242,0.0
691-1473,9.153627077167139,7.528243801131655,164.44044224323378,164.0402221221672,1.7000000000000008,4.199999999999993,,1.6253832760354836,0.40022012106658167
456-1776,4.473218232577056,3.2422884937250984,131.52233728550704,131.4723097703737,1.4500000000000006,,,1.230929738851958,0.05002751513333692
730-1854,2.2964255504635163,1.5355017676104126,173.0451748461654,172.14467957376556,1.6000000000000008,,,0.7609237828531037,0.9004952723998372
865-876,4.279656295242523,0.913159082098403,206.5135824703587,206.5135824703587,0.25,0.25,,3.36649721314412,0.0
1102-1124,5.8749316802858225,3.2905026607641226,261.84401420781427,261.5438491170144,1.5500000000000007,2.3,,2.5844290195217,0.300165090799851
1263-1273,4.248723804326742,1.6245218418199308,298.7142928610736,298.7142928610736,0.49999999999999994,0.8500000000000002,,2.6242019625068114,0.0
566-1798,7.670853736419401,6.5399182477468685,148.23152734003702,147.7812797038371,,,,1.1309354886725327,0.4502476361999186
735-1863,2.665042508377127,1.6234729541744564,172.59492720996548,173.14522987643204,,,,1.0415695542026708,-0.550302666466564
530-540,8.929610239226557,4.56737442714018,136.8752814047726,136.92530891990594,,,,4.362235812086377,-0.05002751513333692
534-551,5.725903951375967,4.621434056706523,146.8807844314373,147.03086697683725,3.049999999999997,4.849999999999991,,1.1044698946694442,-0.15008254539995391
1116-1137,6.537553173014269,5.195379004944401,263.494922207214,263.44489469208065,1.4500000000000006,,,1.3421741680698673,0.05002751513336534
142-149,3.1542316655699296,1.124873222463423,32.1676922307269,32.31777477612687,0.44999999999999996,0.6,,2.0293584431065064,-0.15008254539996813
198-1325,2.3047562006915085,1.630373534373959,42.92360798439142,42.82355295412477,,,,0.6743826663175496,0.10005503026664542
1265-1273,0.4813731063864212,0.0,298.8643754064735,298.6142378308069,0.05,0.05,,0.4813731063864212,0.25013757566659933
494-558,4.971998463005562,3.8760080194843476,141.1276201911051,141.1276201911051,,,,1.0959904435212144,0.0
456-493,2.1762741092767572,0.8043014893597018,133.77357546650657,133.8236029816399,0.7500000000000001,0.9000000000000002,,1.3719726199170554,-0.05002751513333692
1116-1606,4.909770075875963,3.8114866421843376,263.89514232828054,263.194757116414,1.800000000000001,1.850000000000001,,1.0982834336916256,0.7003852118665463
1800-1818,3.4847235458707497,2.7290074310700803,149.03196758217018,149.18205012757016,,,,0.7557161148006695,-0.15008254539998234
972-1001,2.3660575637554406,1.13440399317525,237.13042173195257,237.2304767622192,,,,1.2316535705801905,-0.10005503026664542
1252-1273,8.894095033924568,6.441600593174016,296.21291710440744,296.21291710440744,,,,2.4524944407505522,0.0
1-6,7.892324392573647,3.2250612368806486,2.351293211266196,2.451348241532843,1.950000000000001,1.800000000000001,,4.667263155692998,-0.10005503026664675
673-682,5.361187709911855,1.0100551267209426,160.2381309720346,160.2381309720346,2.799999999999998,,,4.351132583190912,0.0
589-1800,4.387510089164879,3.0959287848802433,148.93191255190354,148.98194006703687,,,,1.2915813042846356,-0.05002751513333692
523-531,3.4357620095002033,1.7602083472203702,135.9247586172395,135.87473110210615,0.8500000000000002,0.8000000000000002,,1.675553662279833,0.05002751513333692
849-897,4.837577655931823,2.866633728868422,210.06553604482465,210.31567362049125,1.800000000000001,,,1.9709439270634013,-0.25013757566659933
214-1322,2.0256102428836904,1.325009194978261,52.17869828405623,52.228725799189554,1.4500000000000006,1.800000000000001,,0.7006010479054294,-0.05002751513332271
837-865,3.1434672831284476,0.6819314909464231,208.21451798489167,207.96438040922507,,3.649999999999995,,2.4615357921820245,0.25013757566659933
193-198,7.426436977108024,5.563287257195315,44.42443343839111,44.8246535594577,1.7000000000000008,,,1.863149719912709,-0.4002201210665888
1220-1628,8.968511630832912,6.923932156857434,280.5543048676772,280.8544699584771,,,,2.044579473975478,-0.30016509079990783
1074-1081,1.5539538453525261,0.0,253.33933663514927,252.2887588173496,0.05,0.05,,1.5539538453525261,1.0505778177996774
1908-1910,5.713203381170606,2.6855145937848306,220.17109410175595,220.321176647156,2.499999999999999,,,3.0276887873857756,-0.15008254540003918
1114-1137,5.627743110638407,4.712675648349169,263.29481214668067,263.5949772374806,3.149999999999997,,,0.9150674622892376,-0.30016509079990783
735-1854,1.2464326334463072,0.44522765968717326,173.24528490669869,173.24528490669869,,,,0.8012049737591339,0.0
487-1768,2.7710221510463584,1.0222239870802952,135.3244284356396,133.97368552703986,1.4500000000000006,1.7500000000000009,,1.7487981639660632,1.3507429085997273
1-5,5.4756450217378845,4.14104753762571,0.9004952723998199,0.9004952723998199,1.1000000000000003,,,1.3345974841121748,0.0
1003-1014,5.631135860399305,3.0032356814658323,239.53174245835208,239.7818800340187,,3.2999999999999963,,2.627900178933473,-0.25013757566662775
1528-2043,2.2933778030516585,0.19380218116872783,185.3019160538296,185.3019160538296,,,,2.0995756218829307,0.0
456-527,1.2429257711537056,0.6085937602394438,135.7746760718395,135.72464855670617,0.65,0.7000000000000001,,0.6343320109142618,0.05002751513333692
1459-1476,5.105687794250153,3.9620094319099692,153.7845815198359,153.7845815198359,0.7500000000000001,,,1.143678362340184,0.0
1461-1830,6.241606137367371,3.607960864896512,154.885186852769,155.035269398169,,,,2.633645272470859,-0.15008254539998234
944-1910,5.207822720867057,2.138828256771191,219.1705437990895,219.1705437990895,,,,3.0689944640958657,0.0
634-639,9.11637784231904,6.349140502700749,154.93521436790235,154.885186852769,1.850000000000001,,,2.7672373396182905,0.05002751513333692
334-345,9.134135332883995,7.08992652034221,86.89779378658261,87.2980139076492,,,,2.0442088125417843,-0.4002201210665959
712-730,9.31176132361627,7.166824597302622,172.94511981589875,172.94511981589875,1.4000000000000006,,,2.1449367263136487,0.0
487-1773,5.471415342598148,2.941347259977647,134.8741807994397,134.8741807994397,1.2500000000000004,1.4000000000000006,,2.5300680826205015,0.0
494-554,5.372252914157358,3.3929540389638593,142.1781980089049,142.52839061483814,,,,1.979298875193499,-0.35019260593324475
837-888,9.217734279192198,6.451332152284522,207.76427034869172,208.264545500025,,,,2.7664021269076766,-0.5002751513332839
1100-1122,7.0816496518478145,2.6301837003943342,259.39266596628147,259.39266596628147,,,,4.45146595145348,0.0
720-722,8.36790051305057,5.87514165567849,169.74335884736604,169.99349642303267,,,,2.4927588573720794,-0.25013757566662775
1269-1275,8.638409686862012,5.199739517532649,297.6637150432738,297.7137425584071,1.0500000000000003,,,3.438670169329363,-0.0500275151333085
489-1418,8.575620426029838,7.801256577451788,132.42283255790684,132.22272249737355,,,,0.7743638485780497,0.20011006053329083
485-489,8.561046995100218,6.3481663441228715,132.42283255790684,132.5228875881735,,,,2.212880650977347,-0.10005503026664542
346-349,5.534182309295779,2.819076243062149,92.6509580269148,92.50087548151484,0.8500000000000002,1.2000000000000004,,2.7151060662336297,0.15008254539995391
903-1549,6.392841017878308,3.1861334152475322,211.86652658962427,211.36625143829104,0.8500000000000002,,,3.206707602630776,0.5002751513332271
551-557,5.984291107784783,1.7926856569278868,140.4772624943719,140.4772624943719,,,,4.191605450856896,0.0
691-2031,9.148707659774875,7.450060665792009,164.59052478863373,164.14027715243384,1.7000000000000008,,,1.698646993982866,0.45024763619989017
527-532,1.954226487185908,1.3431155852423942,136.52508879883936,136.52508879883936,0.35,0.49999999999999994,,0.6111109019435139,0.0
829-1883,7.412446532628023,5.107178748204333,200.91050077542647,200.91050077542647,1.0000000000000002,1.3000000000000005,,2.3052677844236893,0.0
487-501,6.465780861291835,3.2823720266889325,133.67352043623993,133.67352043623993,1.1000000000000003,0.8500000000000002,,3.1834088346029024,0.0
626-1476,3.2020397947452826,1.2282784379526532,153.43438891390264,153.28430636850268,0.44999999999999996,,,1.9737613567926293,0.15008254539995391
1230-1963,7.171106768571911,5.708712957008899,287.6081845014758,287.6081845014758,1.3500000000000005,2.1500000000000004,,1.462393811563012,0.0
141-148,5.020706263430764,3.660554082247325,37.82080144079244,37.87082895592576,8.09999999999998,5.399999999999989,,1.3601521811834392,-0.05002751513332271
93-111,9.259647391574207,4.787138064476338,22.21221671919556,22.21221671919556,1.900000000000001,,,4.472509327097869,0.0
566-576,6.474876915380351,5.487997069321253,143.37885837210465,144.82965631097102,1.850000000000001,,,0.9868798460590984,-1.4507979388663728
370-1743,4.611662837897342,1.5599339650094493,99.80489269098004,99.80489269098004,1.0000000000000002,0.9500000000000003,,3.0517288728878924,0.0
1463-1835,4.360432266250835,3.003952851195077,159.3876632147681,159.48771824503476,,,,1.356479415055758,-0.10005503026664542
495-503,4.1653847955545995,3.146586176575397,133.1732452849067,133.02316273950672,,,,1.0187986189792024,0.15008254539998234
471-1431,1.0097214148085945,0.0,129.67131922557405,129.67131922557405,0.05,0.05,,1.0097214148085945,0.0
1791-1799,7.582942886726419,5.309866618106167,144.02921606883783,143.97918855370455,,,,2.273076268620252,0.050027515133280076
1265-1269,1.9195246943439659,0.8201564355069504,294.9622292260743,294.912201710941,0.1,,,1.0993682588370155,0.0500275151333085
59-64,6.94785124040556,5.721557531032154,11.256190904997748,11.256190904997748,,,,1.2262937093734063,0.0
1116-1124,7.484525940224875,4.185566262436922,261.79398669268096,261.84401420781427,,,,3.2989596777879537,-0.0500275151333085
887-1541,7.828187208614661,6.411317261346866,208.91490319675825,208.91490319675825,,,,1.416869947267795,0.0
33-36,9.104652837699176,7.179432721462165,7.854319875931762,7.253989694331882,,,,1.9252201162370106,0.6003301815998805
534-1791,3.7619490837134957,2.642021185471699,142.27825303917157,142.87858322077142,,,,1.1199278982417966,-0.6003301815998441
344-1390,3.0997247224842024,2.506838551200598,87.34804142278253,87.54815148331582,,,,0.5928861712836042,-0.20011006053329083
464-470,5.32194809641601,0.6465402432778262,127.52013607484116,127.52013607484116,,,,4.675407853138184,0.0
898-905,8.958222859066744,6.694856160064248,211.61638901395767,211.61638901395767,1.2500000000000004,0.8500000000000002,,2.2633666990024963,0.0
457-487,3.4809394830828784,1.8232548316662314,135.3244284356396,134.2238231027065,1.7500000000000009,2.0500000000000007,,1.657684651416647,1.1006053329330996
1014-1018,2.6032541119071464,2.0165944119686756,240.0320176096853,239.981990094552,0.44999999999999996,0.49999999999999994,,0.5866596999384708,0.0500275151333085
99-1299,1.8029792001032339,0.8167793750388199,17.359547751263193,17.359547751263193,0.49999999999999994,0.6,,0.986199825064414,0.0
1036-1040,7.828901108532875,6.6441571578143055,243.58397118415127,243.58397118415127,,,,1.1847439507185697,0.0
1508-1854,9.473018555567636,8.59307227240754,174.54600030016508,175.19635799689829,,,,0.8799462831600966,-0.6503576967332094
344-345,8.11817461248878,7.365623850022608,86.09735354444945,86.19740857471609,,,,0.7525507624661714,-0.10005503026664542
1238-1963,6.939273025379426,4.134383011400175,285.60708389614285,285.60708389614285,,,,2.804890013979251,0.0
324-334,3.711554114417144,0.6525515657951075,84.89669318124969,85.09680324178298,2.9999999999999973,,,3.0590025486220362,-0.20011006053329083
1206-1220,7.919292252939714,4.127344540327542,280.5543048676772,280.5543048676772,,,,3.7919477126121723,0.0
359-1400,7.559027110867975,5.069313326567524,92.75101305718144,93.45139826904796,,,,2.4897137843004504,-0.7003852118665179
551-561,1.6287982485198025,0.0,147.03086697683725,147.03086697683725,0.15000000000000002,0.6,,1.6287982485198025,0.0
868-901,7.9575316762011,6.689722403921358,210.265646105358,210.265646105358,,,,1.2678092722797416,0.0
641-1461,5.69239089672271,3.6816505762318883,154.8351593376357,154.885186852769,3.2999999999999963,,,2.0107403204908216,-0.0500275151333085
1485-1835,9.587862522286162,5.549773168354648,157.88683776076843,157.8368102456351,3.2499999999999964,,,4.038089353931515,0.05002751513333692
32-33,8.639268342521609,6.512248612647255,8.454650057531643,8.404622542398318,8.04999999999998,,,2.1270197298743536,0.050027515133324485
261-271,7.959932052123034,4.855688946732528,65.13582470358698,65.13582470358698,,,,3.1042431053905064,0.0
155-183,1.7254244761389,0.3356475888186239,43.42388313572464,43.12371804492471,0.49999999999999994,,,1.389776887320276,0.30016509079992915
673-1463,2.2742990016557423,0.0047131003662030935,158.4871679423683,159.43769072990145,,,,2.269585901289539,-0.9505227875331457
600-1800,7.965533432600265,7.262861262101353,148.6317474611036,149.2821051578368,,,,0.7026721704989116,-0.6503576967332094
682-2031,6.355188139010453,5.050839496616318,160.2381309720346,160.2381309720346,,,,1.3043486423941353,0.0
557-566,9.207498380470298,7.261844415193465,143.17874831157135,143.17874831157135,2.0500000000000007,3.999999999999994,,1.9456539652768328,0.0
1114-1569,8.5938029682774,7.09159987578785,263.344839661814,263.54494972234727,,,,1.50220309248955,-0.20011006053329083
1548-1915,9.422292617929948,5.7625749563927045,224.82365300915504,224.82365300915504,5.649999999999988,,,3.6597176615372433,0.0
1856-1863,3.307606612877402,2.141979697667651,172.79503727049877,172.79503727049877,0.44999999999999996,0.44999999999999996,,1.1656269152097511,0.0
858-1881,9.950817530714582,7.729853353699184,206.46355495522536,206.41352744009205,3.2499999999999964,,,2.2209641770153983,0.0500275151333085
33-67,0.3104282386800537,0.0,13.157236480064034,12.206713692530892,0.05,0.05,,0.3104282386800537,0.9505227875331421
1252-1272,9.491105701971012,6.515329252644179,296.21291710440744,296.26294461954075,,,,2.9757764493268333,-0.0500275151333085
540-1429,4.971836295847216,4.309068379368373,138.7763269798389,138.7763269798389,,,,0.6627679164788427,0.0
566-1455,7.783441496882952,5.26403084134337,148.98194006703687,149.38216018810346,,,,2.5194106555395823,-0.40022012106658167
183-192,6.477773246273633,2.230638900863312,41.77297513632498,41.77297513632498,,,,4.247134345410321,0.0
99-1295,4.281823585337562,3.0527203349479493,17.659712842063133,17.659712842063133,,,,1.2291032503896124,0.0
735-1465,4.7427504901592075,3.680408527673819,174.29586272449848,174.44594526989843,,,,1.0623419624853883,-0.15008254539995391
584-589,4.278950335076823,1.6374723554070982,149.63229776377003,149.63229776377003,0.39999999999999997,2.3,,2.641477979669725,0.0
1209-1211,4.875509732859346,4.135258430633186,278.35309420181096,278.20301165641104,1.2000000000000004,,,0.7402513022261594,0.1500825453999255
279-288,9.609431769413012,6.716676803059286,71.58937415578568,71.43929161038571,1.6500000000000008,,,2.892754966353726,0.15008254539996813
193-1311,6.919423529681244,5.569325488373995,44.42443343839111,44.57451598379108,4.749999999999991,,,1.3500980413072492,-0.15008254539996813
99-102,4.906346430226272,3.60780944114882,17.90985041772975,18.0099054479964,,,,1.2985369890774514,-0.10005503026664897
1324-1984,0.6984018065271874,0.05804405859844053,49.67732252739006,49.62729501225674,,,,0.6403577479287469,0.05002751513332271
493-1774,8.058060319421871,5.277493367825196,133.32332783030665,133.32332783030665,,3.149999999999997,,2.7805669515966756,0.0
1114-1150,5.752070961085784,4.3694737270011075,262.8945920256141,262.8945920256141,,,,1.3825972340846766,0.0
972-992,5.9011413031358915,2.6963113871853324,236.83025664115263,236.7802291260193,1.1000000000000003,1.0500000000000003,,3.204829915950559,0.05002751513333692
1114-1598,7.879254108978056,5.767066659765717,260.6433538446145,260.6433538446145,0.9000000000000002,,,2.112187449212339,0.0
144-1691,9.185489984867361,5.15845577005166,29.266096352994147,29.266096352994147,,,,4.027034214815702,0.0
1102-1937,8.301417745743002,5.563143416588332,258.99244584521483,258.59222572414825,,1.4500000000000006,,2.7382743291546703,0.40022012106658167
116-121,9.717999137783833,4.412229170372413,23.46290459752864,23.46290459752864,1.0000000000000002,,,5.30576996741142,0.0
849-1898,6.900512173143679,4.909557741643354,207.01385762169195,206.01330731902544,,,,1.9909544315003247,1.000550302666511
324-342,2.73734526560288,1.5052067550314518,85.44699584771624,85.44699584771624,,,,1.2321385105714282,0.0
959-1014,8.32597485049689,6.838982651920112,239.58176997348545,238.3310820951523,,,,1.4869921985767771,1.2506878783331388
321-324,1.955648738172527,1.0061124035609836,84.34639051478312,84.34639051478312,0.15000000000000002,0.2,,0.9495363346115433,0.0
32-37,7.39415958897075,5.4621651085898755,7.8042923607984385,6.903797088398619,,3.4999999999999956,,1.9319944803808742,0.9004952723998194
344-1400,2.1769590841259157,1.4187805103114286,86.09735354444945,86.14738105958277,1.5500000000000007,,,0.7581785738144871,-0.05002751513332271
324-346,2.919865330417696,1.6480989692367345,92.6509580269148,91.75046275451498,,3.5499999999999954,,1.2717663611809615,0.9004952723998088
1114-1589,3.422348331994668,1.5371995062562036,265.9962979638801,265.89624293361345,,2.4499999999999993,,1.8851488257384645,0.10005503026667384
473-1768,4.09605875042977,3.304982720826601,130.6218420131072,130.32167692230726,0.8500000000000002,1.2500000000000004,,0.7910760296031691,0.30016509079993625
1101-1102,1.6116417784743693,0.0,257.2414828155485,256.9413177247486,0.15000000000000002,0.15000000000000002,,1.6116417784743693,0.30016509079990783
485-508,9.309419131026091,8.098095613605516,134.17379558757315,134.17379558757315,,,,1.2113235174205759,0.0
1001-1003,3.3726016820646727,0.0,235.17934864175297,235.12932112661963,0.05,0.05,,3.3726016820646727,0.05002751513333692
837-871,4.871506896645602,3.4732907311619847,207.86432537895843,206.46355495522536,2.000000000000001,,,1.3982161654836176,1.4007704237330643
1503-1863,7.7098880299306165,5.805964434975365,173.89564260343187,174.0957526639652,,,,1.903923594955251,-0.20011006053331926
1187-1196,1.8593926501305815,0.5220382250180577,276.20191105107807,276.2519385662114,,,,1.3373544251125238,-0.0500275151333085
691-1842,8.91031888476683,5.816303765726683,165.54104757616687,165.54104757616687,,,,3.0940151190401473,0.0
837-889,5.516670118782591,3.6185299721790436,209.3651508329581,209.3651508329581,,,,1.8981401466035477,0.0
1587-1589,5.4232753046069,2.770950876508092,261.643904147281,261.2436840262144,,2.6499999999999986,,2.652324428098808,0.40022012106658167
858-870,4.6171965706241975,1.0884966244228025,205.4129771374256,205.4129771374256,,,,3.528699946201395,0.0
32-1977,4.2832222702653535,2.703921892093657,9.405172845064785,9.255090299664817,,5.249999999999989,,1.5793003781716966,0.15008254539996813
837-843,5.196688913088082,3.028021075811928,203.461904047226,202.56140877482613,5.999999999999987,,,2.1686678372761534,0.9004952723998656
556-1791,4.1628169662960595,2.978032008070831,142.57841812997148,141.9780879483716,,,,1.1847849582252286,0.6003301815998725
807-831,4.017033901519318,2.623752030950026,199.6598128970934,200.16008804842664,,,,1.3932818705692922,-0.5002751513332555
577-582,3.6627879221310624,3.1091084505274154,143.87913352343787,143.87913352343787,1.850000000000001,,,0.553679471603647,0.0
485-513,8.911152536174539,8.181796782381696,134.2238231027065,134.17379558757315,,,,0.7293557537928432,0.05002751513333692
807-823,3.9062480787885696,1.981409861475015,199.50973035169343,198.95942768522687,1.5500000000000007,1.6500000000000008,,1.9248382173135545,0.550302666466564
359-1403,3.6512135276651736,0.8434048363081317,93.20126069338136,93.35134323878133,1.5500000000000007,,,2.807808691357042,-0.15008254539996813
444-1759,7.173512877470132,5.203000575641028,121.11661413777576,122.21721947070888,1.800000000000001,,,1.9705123018291042,-1.100605332933128
1249-1628,0.7746627931097914,0.10651521837116285,289.3091200160088,289.3091200160088,0.1,0.1,,0.6681475747386285,0.0
741-1854,1.4651291433179956,0.7309714423074014,175.6966331482315,175.6466056330982,1.3000000000000005,,,0.7341577010105942,0.0500275151333085
517-1791,4.885402372485152,0.49287425143944574,143.4789134023713,143.4789134023713,0.15000000000000002,0.2,,4.392528121045706,0.0
1015-1561,3.600399747138165,0.9650142131669597,237.2805042773525,237.2805042773525,2.1500000000000004,,,2.6353855339712053,0.0
1784-1799,2.613458920328978,0.1805278915947639,146.28045424983742,146.4805643103707,0.8500000000000002,4.99999999999999,,2.432931028734214,-0.20011006053329083
198-1308,5.230152404475979,4.620531903023405,42.52338786332483,42.52338786332483,,,,0.6096205014525742,0.0
1036-1044,7.0769388898568835,6.419213993835591,246.1353744559508,246.38551203161737,,,,0.6577248960212927,-0.2501375756665709
456-496,9.466986579130632,7.401542976234651,134.42393316323978,134.42393316323978,,,,2.0654436028959804,0.0
1255-1964,6.605978191658843,4.800037752057975,290.70989043974186,290.70989043974186,2.9999999999999973,,,1.8059404396008683,0.0
933-944,5.404259795638558,2.869650235408656,218.42013107208965,218.42013107208965,1.3500000000000005,1.0500000000000003,,2.534609560229902,0.0
868-888,4.738347324008765,3.4508835186113203,208.8148481664916,208.91490319675825,,,,1.2874638053974445,-0.10005503026664542
33-1654,2.8584355559855386,0.8543828428740596,11.356245935264395,11.256190904997748,3.599999999999995,0.7500000000000001,,2.004052713111479,0.1000550302666472
901-905,9.104138212981384,6.592309642539405,211.16614137775773,211.0660863474911,,,,2.5118285704419794,0.100055030266617
1003-1017,8.416837508322713,4.440829151697287,240.1821001550853,240.132072639952,2.849999999999998,4.699999999999991,,3.9760083566254263,0.050027515133280076
487-523,6.958666486825184,4.903797947349605,135.42448346590623,135.42448346590623,1.3500000000000005,,,2.054868539475579,0.0
485-1769,9.561137481685277,8.3327450313935,131.17214467957376,131.17214467957376,,,,1.2283924502917767,0.0
849-887,4.764883019134702,3.4132521088751675,208.4646555605583,208.71479313622493,1.850000000000001,,,1.3516309102595345,-0.25013757566662775
44-65,7.222537375305594,6.480798313037056,10.405723147731251,10.105558056931311,,,,0.7417390622685378,0.3001650907999398
204-214,9.718626418067869,6.522672501936569,49.72735004252338,49.72735004252338,0.8500000000000002,1.6000000000000008,,3.1959539161313,0.0
344-2009,5.1459808808446725,3.1957777898214843,86.04732602931612,86.04732602931612,,,,1.9502030910231882,0.0
1150-1569,8.661065256226474,6.8719849740205134,262.8945920256141,262.8945920256141,,,,1.7890802822059602,0.0
851-865,4.828030464663202,0.16780095159073483,205.2628945920256,205.2628945920256,0.2,0.2,,4.660229513072467,0.0
940-1908,4.872200080393293,3.047575779947749,219.2705988293561,219.2705988293561,,,,1.824624300445544,0.0
262-271,7.1720712341745925,5.20874820481437,65.28590724898694,65.58607233978688,,,,1.9633230293602226,-0.30016509079993625
1044-1081,4.502131146986198,3.095592030332016,255.99079493721547,255.8407123918155,,,,1.4065391166541819,0.15008254539998234
1102-1150,10.155200818520301,5.957360445310858,262.8945920256141,262.8945920256141,,,,4.197840373209443,0.0
247-249,9.612880292508637,6.94942257871206,60.53329331132122,60.53329331132122,1.1500000000000004,,,2.6634577137965767,0.0
1473-1495,5.893407119309781,4.233980770475867,159.1375256391015,159.18755315423482,6.149999999999986,,,1.6594263488339136,-0.0500275151333085
944-945,2.379060024774079,1.0334922681356957,219.1705437990895,219.2705988293561,,,,1.3455677566383835,-0.10005503026658857
1768-1774,4.133045634071604,2.273196505744929,133.32332783030665,132.17269498224022,,5.249999999999989,,1.8598491283266751,1.1506328480664365
1088-1101,6.180715011081851,3.1137097364555473,256.2909600280154,256.1909049977488,,,,3.067005274626304,0.10005503026656015
1784-1800,6.869609968119306,3.5023338665850163,150.03251788483666,150.08254539996997,,8.299999999999983,,3.36727610153429,-0.0500275151333085
730-741,3.7046768238689536,2.4731621215418187,176.4970733903647,176.39701836009806,,,,1.231514702327135,0.10005503026664542
457-488,9.361593101037572,8.731009351719337,131.22217219470707,131.17214467957376,,,,0.6305837493182356,0.0500275151333085
735-1853,1.4379916894857183,0.7429549005337179,172.99514733103206,172.99514733103206,,0.49999999999999994,,0.6950367889520004,0.0
359-360,4.218339106589068,1.2854079064137949,93.00115063284808,93.5014257841813,,,,2.9329312001752728,-0.5002751513332129
475-1421,8.818640501180912,7.254659767175767,131.22217219470707,131.07208964930712,,,,1.5639807340051455,0.15008254539995391
456-464,3.8986382919462863,2.465042441252507,128.17049377157437,127.87032868077442,,1.900000000000001,,1.4335958506937794,0.30016509079995046
829-1881,7.55800038569547,5.014710138626647,202.2612436840262,202.4613537445595,,,,2.543290247068823,-0.20011006053329083
873-884,5.092070158066487,0.5045354792050745,209.0149582270249,208.71479313622493,0.8000000000000002,0.7500000000000001,,4.587534678861412,0.3001650907999647
564-576,4.07719410108914,2.91877302905972,143.2287758267047,143.2287758267047,1.4500000000000006,,,1.1584210720294204,0.0
807-829,9.878330996863609,7.734253362113172,201.3607484116264,200.66036319975987,,,,2.1440776347504364,0.7003852118665179
1207-1252,8.785935090286776,6.530031653170289,292.86107359047475,290.5598078943419,,2.849999999999998,,2.255903437116487,2.301265696132873
901-1541,4.391838718706419,3.509468036858806,211.51633398369103,211.51633398369103,,1.0000000000000002,,0.8823706818476129,0.0
1124-1583,4.590402612428226,1.970442213514822,260.9435189354145,260.8434639051478,0.35,0.35,,2.6199603989134035,0.10005503026667384
344-1388,7.578774378104132,5.3251665482850115,86.54760118064935,86.59762869578267,,,,2.2536078298191207,-0.05002751513332271
682-1463,5.437342222664528,2.8218264327475193,160.2381309720346,160.58832357796788,4.6499999999999915,,,2.6155157899170085,-0.35019260593327317
849-889,5.895439595021032,3.8013726378804407,208.76482065135824,208.71479313622493,,,,2.0940669571405914,0.0500275151333085
1044-1101,9.13132772787257,7.38368764076337,258.6922807544149,258.4421431787483,1.7500000000000009,,,1.7476400871092004,0.25013757566659933
804-829,8.27400736545439,5.010468554327137,200.81044574515985,200.8604732602932,,,,3.263538811127253,-0.05002751513333692
152-167,3.407942645122212,1.1003319531069025,36.62014107759268,36.72019610785932,1.1000000000000003,,,2.3076106920153094,-0.10005503026664542
1503-1854,6.491616944370631,4.888324279800187,173.84561508829856,173.89564260343187,,,,1.6032926645704437,-0.0500275151333085
873-897,5.45833294659075,2.117825711307489,209.21506828755813,209.21506828755813,,,,3.340507235283261,0.0
812-831,4.455512153318555,3.113337208117436,199.6598128970934,200.1100605332933,,,,1.3421749452011187,-0.4502476361999186
494-546,8.707129800274453,5.056215939765835,138.47616188903896,138.47616188903896,,,,3.650913860508618,0.0
345-1739,5.050244220786998,4.463628620696504,88.19850918004903,88.19850918004903,0.8000000000000002,3.1999999999999966,,0.5866156000904938,0.0
623-634,9.864623619985172,9.194302577375908,154.13477412576916,154.13477412576916,,,,0.670321042609265,0.0
901-903,7.009797823672918,3.271911482242711,211.4162789534244,211.16614137775773,1.4500000000000006,,,3.7378863414302073,0.2501375756666846
945-966,9.250667392668744,6.2195523208974635,226.974836159888,226.974836159888,,,,3.0311150717712803,0.0
1255-1623,5.346195428383652,4.028259983377737,290.65986292460855,290.70989043974186,,,,1.317935445005915,-0.0500275151333085
969-992,2.199319126955546,0.5557826527568466,235.07929361148632,234.9292110660864,0.35,0.44999999999999996,,1.6435364741986995,0.1500825453999255
257-262,8.092255180420105,6.573923833622175,64.83565961278703,64.23532943118715,1.1000000000000003,,,1.5183313467979307,0.6003301815998725
794-2045,9.483576074782045,7.964864489522824,191.40527290009504,191.35524538496173,,,,1.5187115852592203,0.0500275151333085
873-889,9.320009471254503,5.544350224404338,208.96493071189155,209.1650407724248,2.1000000000000005,2.499999999999999,,3.7756592468501644,-0.200110060533234
470-1768,2.8235984480239438,1.1574958562091773,129.7213467407074,128.8708789834409,,,,1.6661025918147665,0.8504677572665003
554-1791,7.021533775478978,5.298789496554309,143.77907849317123,143.67902346290458,,,,1.7227442789246687,0.10005503026664542
873-900,3.9831972004100584,1.240371282074463,210.5157836810245,210.06553604482465,0.3,0.35,,2.7428259183355954,0.4502476361998333
1044-1062,9.830029601716303,8.40127829636385,252.2887588173496,252.58892390814947,,3.599999999999995,,1.4287513053524528,-0.3001650907998794
964-1548,4.978081311167312,2.1503274621698374,233.47841312722,233.47841312722,,,,2.8277538489974745,0.0
1265-1971,2.6481176405936284,0.5466956939015439,298.314072740007,298.314072740007,0.05,0.05,,2.1014219466920845,0.0
1263-1272,4.5051720345323805,1.803851770649615,298.7643203762069,298.7142928610736,,2.4499999999999993,,2.7013202638827654,0.0500275151333085
457-1774,4.767524970257042,2.7146903828826296,133.32332783030665,132.07263995197357,,7.649999999999981,,2.052834587374412,1.250687878333082
1252-1971,7.559069122614106,4.914555914340077,296.01280704387415,296.01280704387415,,,,2.644513208274028,0.0
527-1768,0.9471249194507918,0.23990127906885306,136.1748961929061,136.1748961929061,0.65,1.5000000000000007,,0.7072236403819387,0.0
1081-1084,3.4498931111338833,2.192037635769114,255.8907399069488,255.8907399069488,1.6000000000000008,1.4000000000000006,,1.2578554753647695,0.0
1445-1824,2.6573460379023284,1.5354423143381553,153.28430636850268,153.48441642903595,,,,1.1219037235641731,-0.2001100605332624
32-1296,9.680883583284908,6.350965838267513,6.903797088398619,6.903797088398619,0.9500000000000003,1.0000000000000002,,3.3299177450173953,0.0
487-493,7.320767677499176,3.9862983439095743,133.97368552703986,133.87363049677322,1.0500000000000003,1.1500000000000004,,3.3344693335896016,0.10005503026664542
1016-1018,5.104738708535069,4.327931318024085,239.88193506428536,241.1826504577517,0.7000000000000001,,,0.7768073905109842,-1.3007153934663336
6-19,5.79687206427834,2.5679674776417443,4.352393816599129,4.352393816599129,1.0000000000000002,1.1000000000000003,,3.2289045866365953,0.0
1263-1971,4.3726597450397895,1.6604505929595859,298.46415528540695,298.46415528540695,0.15000000000000002,0.2,,2.7122091520802036,0.0
749-829,9.536277713950058,7.046742625945278,202.0611336234929,202.0611336234929,,,,2.4895350880047804,0.0
1016-1021,7.443668460863739,4.477967778735106,238.7313022162189,238.88138476161888,,,,2.9657006821286327,-0.15008254539998234
837-856,5.6385936186322585,3.6981748001132253,203.9621791985592,202.8615738656261,0.6,,,1.9404188185190332,1.1006053329330996
257-1980,4.274212304866388,3.6505095370083325,62.034118765320926,62.184201310720894,,,,0.6237027678580551,-0.15008254539996813
523-527,1.9967342665310928,0.8385085496952769,135.87473110210615,134.72409825403972,0.6,0.7000000000000001,,1.1582257168358159,1.1506328480664365
1014-1561,3.638439051172385,3.0266342439036578,239.73185251888532,239.73185251888532,0.49999999999999994,0.7000000000000001,,0.6118048072687272,0.0
