first_axis,max_axis,understatement
10.425285904939813,10.425285904939829,1.5987211554602254e-14
10.02242865766526,10.022428657665268,7.105427357601002e-15
9.411417476636196,9.411417476636196,0.0
8.771937049168843,8.771937049168843,0.0
8.205217437383254,8.250795081455399,0.04557764407214471
0.4032678945831236,10.795730243343343,10.392462348760219
7.387491954101321,7.433585157877488,0.04609320377616655
0.6563627500687197,3.0748496531594895,2.41848690309077
0.14650354381983277,0.8378506987019296,0.6913471548820969
1.7375957177466574,2.5329045245101725,0.795308806763515
2.134628822392747,2.1346288223927488,1.7763568394002505e-15
2.297577911102456,2.297577911102456,0.0
2.5083755092371893,2.5083755092371893,0.0
2.503117938221882,2.503117938221882,0.0
2.514819485186701,2.514819485186701,0.0
6.069689360960112,10.549825271895799,4.480135910935687
2.455821779418173,8.813762847055514,6.357941067637341
1.5706051634465013,7.525703996208179,5.955098832761678
6.374867244264976,6.374867244264976,0.0
0.2870796110935885,4.559633315178402,4.272553704084814
1.7054624791629571,1.7054624791629571,0.0
1.4250719622362968,1.667323773533525,0.24225181129722806
1.3534511790313717,5.123465843866981,3.7700146648356094
2.0082428507547188,9.120647441112254,7.112404590357535
3.4434568410885715,12.477357752292221,9.033900911203649
2.16015091798295,13.993384834552629,11.833233916569679
3.1495810641080517,11.990753751442284,8.841172687334232
4.165144130256646,9.759372609013717,5.594228478757071
5.2824347004825984,5.2824347004825984,0.0
4.908901257266604,5.603431808947967,0.6945305516813631
1.9443931103381402,14.632470043896248,12.688076933558108
10.368723924637308,10.368723924637308,0.0
1.3656419034496778,5.954468532060588,4.58882662861091
2.4266576709440586,2.456895813057902,0.03023814211384357
2.6836741160398105,2.6836741160398105,0.0
12.431940055152026,17.139725820822562,4.707785765670536
14.75187059960075,15.835134476289525,1.0832638766887754
10.500920093185954,14.015839440164555,3.5149193469786013
8.624960314131684,11.882311152340137,3.2573508382084526
1.34771187469223,9.407219954742942,8.059508080050712
7.9820918553511575,8.231342105996433,0.24925025064527517
7.064914341443014,7.292730429549408,0.22781608810639398
6.182816374419545,6.348580328175416,0.16576395375587083
5.434346136639903,5.434346136639903,0.0
5.4230877511892,5.4230877511892,0.0
4.9974699793662865,4.9974699793662865,0.0
3.832573134752719,8.980063138864551,5.147490004111832
4.726989496955623,5.28200536907412,0.5550158721184975
5.267621734021956,5.267621734021956,0.0
5.795584712169596,5.795584712169596,0.0
6.471394655563103,8.540109880555121,2.068715224992019
0.27445900238306464,7.065704639028354,6.791245636645289
7.9841472232246105,7.9841472232246105,0.0
0.9641469408178125,8.873188578829556,7.909041638011743
4.4826393739001205,9.15017685398115,4.66753748008103
4.649292320615594,10.314146906741328,5.664854586125735
3.943427235961094,3.943427235961094,0.0
3.9894143644304183,3.9894143644304183,0.0
4.094013854053561,4.094013854053561,0.0
4.153600924708877,4.169213811784019,0.015612887075141302
4.3937618437731665,4.446135658969467,0.05237381519630091
3.5983904863161484,6.831522165188536,3.233131678872388
2.188155460041969,8.281964838882118,6.093809378840149
7.686996898027374,8.587112882000433,0.900115983973059
7.224578111621263,9.432941110314317,2.2083629986930546
0.5355557016496562,12.071161684980995,11.535605983331338
3.893805849487279,3.893805849487279,0.0
5.853467459634857,6.337358965261089,0.4838915056262323
6.700727835426875,7.058980714778059,0.3582528793511841
7.629816665368779,7.852879390622846,0.22306272525406712
8.5987416801578,8.710138859217338,0.11139717905953717
4.113031043847101,9.62832969306092,5.515298649213818
5.790971463765167,8.995276384579626,3.204304920814459
6.335104075527317,6.335104075527317,0.0
6.636441278000911,6.636441278000911,0.0
6.6850214765033975,6.6850214765033975,0.0
2.1500029078046126,11.677444112581036,9.527441204776423
0.8540219321381457,9.648032234678922,8.794010302540777
1.6658678468452806,6.44103740205523,4.775169555209949
3.519561007627864,3.519561007627864,0.0
1.100225071053245,3.1701282996921223,2.069903228638877
2.7323555202994783,9.565892012013236,6.833536491713758
1.068990159440986,9.586821914044748,8.517831754603762
5.963997571840736,8.046373904714983,2.0823763328742473
9.151956892674136,9.151956892674136,0.0
8.961824941420886,9.126741118997053,0.16491617757616694
0.33565210076892527,0.33565210076892527,0.0
1.3966733351637117,1.3966733351637117,0.0
1.856983992365116,2.1336910845517707,0.2767070921866548
2.5523858707559413,2.795824757862164,0.24343888710622252
3.024170069965166,3.3182019486335292,0.29403187866836333
7.947618877947974,9.641345836186801,1.6937269582388268
8.0985863414964,8.0985863414964,0.0
8.726376885649586,8.726376885649586,0.0
0.24089169822271117,9.362336237655768,9.121444539433057
0.09122171523836897,10.511898994846177,10.420677279607808
4.713769527540606,4.713769527540606,0.0
2.3653427264911784,2.9633447852953907,0.5980020588042123
1.2869747191539904,1.2869747191539904,0.0
0.6276753187716331,1.148624791252753,0.5209494724811199
1.752407030865065,1.752407030865065,0.0
3.0614721437546386,5.964101449122651,2.902629305368013
2.5727708571237784,6.088034977021394,3.5152641198976156
4.990178348313027,5.234377060830317,0.24419871251729042
2.3817380098765,4.704891056393223,2.3231530465167234
2.7931998120527908,4.436121534103998,1.6429217220512076
2.9269839094144885,3.852827470637422,0.9258435612229334
6.190301959183657,7.238981266987387,1.04867930780373
0.29045377349616075,7.777018826024047,7.486565052527887
6.942710969228031,7.715964479053238,0.7732535098252065
1.9395232931590343,13.956784154996328,12.017260861837293
17.652710520129865,17.652710520129865,0.0
19.57254975264702,19.57254975264702,0.0
3.1992195907999026,16.593868745724052,13.39464915492415
6.564627356321239,11.613878036631249,5.04925068031001
5.25635851887926,7.156703969512257,1.9003454506329973
3.332319634748403,3.354025504049753,0.021705869301349878
5.2573546660931925,14.021537478339859,8.764182812246666
1.328513538773791,13.782462439727468,12.453948900953677
0.13660492989093598,12.660046693703052,12.523441763812116
11.51488882938267,11.51488882938267,0.0
10.330485815606714,10.330485815606714,0.0
4.590652743664066,4.590652743664066,0.0
4.609305899354993,4.609305899354993,0.0
4.590526703445192,4.590526703445192,0.0
5.038184926285041,5.038184926285041,0.0
6.7248184311480514,6.7248184311480514,0.0
7.951918175181092,7.951918175181092,0.0
1.9703669670551989,5.539319531962306,3.568952564907107
1.8215850298276308,4.843774410545798,3.0221893807181672
1.6872811922040256,3.3266511814568815,1.639369989252856
1.4176548062463468,2.586455598074572,1.1688007918282253
1.4956695728423597,1.805420840159094,0.3097512673167344
20.15556439833906,20.15556439833906,0.0
0.7484860133717461,17.422217776972445,16.6737317636007
1.866838031970012,13.662433880101844,11.795595848131832
2.383474212852441,11.581676949844997,9.198202736992556
3.219599987029653,10.321793688031548,7.1021937010018945
5.46151767876659,6.105841873254491,0.6443241944879006
3.5253561521061414,3.5253561521061414,0.0
0.4562027544804863,0.4562027544804863,0.0
2.2292898775391112,3.6509510979263595,1.4216612203872483
4.2468247092520315,4.2468247092520315,0.0
0.5804546670967454,15.72507286481489,15.144618197718145
1.9878595266012198,13.070249653517408,11.082390126916188
1.4504844069560878,10.205474082663699,8.75498967570761
6.391835890943767,6.8198815580239796,0.4280456670802124
3.840352037739052,3.840352037739052,0.0
6.413004641852851,12.433098762001645,6.020094120148794
11.879978118537842,11.879978118537842,0.0
0.8644226366474612,10.831474863904418,9.967052227256957
10.129933564310932,10.129933564310932,0.0
3.6769579897872973,9.353231173702312,5.676273183915015
0.47766693170454744,0.6166672003025155,0.1390002685979681
1.5403225517003136,1.8257958664012008,0.2854733147008872
1.9192097128796348,1.9192097128796348,0.0
2.1859039992071274,2.4747403389391422,0.28883633973201484
2.522209158393295,2.8563674056232173,0.33415824722992227
4.145755927359687,4.145755927359687,0.0
4.176274257924106,4.176274257924113,7.105427357601002e-15
4.1845578838877415,4.1845578838877415,0.0
4.293869577633295,4.293869577633295,0.0
4.252182232234794,4.252182232234794,0.0
6.742518355035273,6.742518355035273,0.0
6.271707866913168,6.272706110138387,0.0009982432252186868
5.149787514774502,8.695071279357173,3.5452837645826705
1.4068772488120516,9.114745582451953,7.707868333639901
4.610099500055917,8.53471832917375,3.9246188291178328
0.3173015836097903,0.42703741092701364,0.10973582731722331
0.0997630859460088,0.34001906058534814,0.24025597463933934
0.44222811207323787,0.44222811207323787,0.0
0.44197494606970267,0.44197494606970267,0.0
0.37843762810710757,0.37843762810710757,0.0
1.8098112184922286,2.146903630053089,0.33709241156086023
1.5372078709910966,1.8100512621273168,0.27284339113622025
1.1886177272157141,1.3833069356403058,0.1946892084245917
0.8515589905537411,0.9791009446105221,0.12754195405678104
0.5685929055382388,0.640255445572123,0.07166254003388417
5.77779428374043,9.578909552034432,3.8011152682940015
0.08989987595887072,5.799750796333953,5.709850920375082
3.4196362313258817,3.4196362313258817,0.0
2.398440859567339,2.4862722768741135,0.08783141730677446
2.727625450796168,2.976340515732602,0.2487150649364338
0.8024259359710157,5.789346358284163,4.986920422313148
1.3800219245963419,3.909499222815356,2.529477298219014
1.6948267004276047,1.6948267004276047,0.0
1.7243006336108664,1.7281249238003227,0.003824290189456292
1.156231082259751,1.5796328985360475,0.42340181627629647
2.5097618414825202,2.5097618414825202,0.0
2.7316717380556432,2.7316717380556432,0.0
3.292702787611262,3.9795774002981474,0.6868746126868857
2.756802798751421,5.085490535804979,2.328687737053558
2.2186720014511927,8.84949765797164,6.630825656520447
0.9544443741296531,2.481372006892613,1.52692763276296
1.1322439543635674,4.201307142199397,3.0690631878358294
1.7796362991489758,5.3583538935552895,3.5787175944063137
2.3509501216481272,6.919276065975907,4.56832594432778
2.381825399287507,8.012613363745757,5.63078796445825
1.3581288187294867,6.510211460417494,5.152082641688008
2.9852352763780488,2.9852352763780488,0.0
0.6539533457463307,0.7608977038458264,0.10694435809949576
2.4261876984712742,5.0159072340092905,2.5897195355380163
9.501238774210336,9.501238774210336,0.0
0.659497270594315,6.2584881373567915,5.598990866762477
0.4008879777029506,6.645561015500302,6.244673037797352
0.6016551547961768,6.809948721974539,6.208293567178362
2.118716619426422,6.263038719248069,4.144322099821647
5.559951354213569,5.559951354213569,0.0
2.257188872534556,2.3133889082358934,0.05620003570133747
2.507224381898851,2.5072243818988653,1.4210854715202004e-14
0.09537121742675936,3.947504187993676,3.8521329705669167
6.894061751378214,6.894061751378214,0.0
7.310780461761421,7.310780461761421,0.0
5.461963718507448,6.96482699898327,1.5028632804758217
3.095881918673939,5.883159785118792,2.787277866444853
5.879539739034044,5.879539739034044,0.0
5.520363868371476,5.520363868371476,0.0
5.570274432513202,5.570274432513202,0.0
5.705213602409403,5.705213602409403,0.0
5.917305938875597,5.917305938875597,0.0
6.3619675815571615,6.3619675815571615,0.0
6.6484563075209255,6.6484563075209255,0.0
6.8937845536509545,6.8937845536509545,0.0
5.6667997778464,5.6667997778464,0.0
5.471272076378392,5.620092391514177,0.14882031513578475
5.697868764396431,7.146967786498195,1.4490990221017634
5.974477373777495,12.099005610575873,6.124528236798377
7.280187771554765,14.267662645478396,6.987474873923631
7.006708957056027,15.673464152426405,8.666755195370378
8.24747790933999,14.67489792271435,6.427420013374361
8.776297952767468,13.65145394932766,4.875155996560192
6.471721987028719,11.980450895189435,5.508728908160716
6.278054753761555,10.7563247405579,4.478269986796345
1.4923698389754243,3.468460723584755,1.9760908846093308
1.1106418200669381,3.7291974420232634,2.6185556219563253
0.7197503963057734,3.976446928291935,3.2566965319861616
0.3271341606503526,4.2656641286267245,3.938529967976372
4.657279445704248,4.657279445704248,0.0
7.440995922556219,9.533532922688115,2.0925370001318964
9.161341890783412,9.161341890783412,0.0
8.95868480869455,11.605406233322029,2.6467214246274793
11.72003501682669,13.25961320316344,1.5395781863367493
12.983996468898122,13.164025012221188,0.18002854332306661
3.9715889522167522,3.9715889522167522,0.0
4.277325739917529,4.277325739917529,0.0
4.579407824373689,4.579407824373689,0.0
4.818067302587735,4.818067302587735,0.0
4.8493513442525185,4.8493513442525185,0.0
0.24552975231123497,0.24552975231123497,0.0
0.6833980815688818,0.6833980815688818,0.0
0.4261629588252873,0.6790504756001638,0.25288751677487653
0.3815623382721185,0.5498230289658466,0.16826069069372807
0.8282204271408204,0.8282204271408204,0.0
0.0,0.0,0.0
0.4262993158411419,0.4262993158411419,0.0
0.7435403233938302,0.7435403233938302,0.0
0.24391922349673223,0.45798824433475716,0.21406902083802493
0.03680751016539574,1.0926455150290764,1.0558380048636806
6.545740074787705,7.413955632049671,0.8682155572619656
6.673789656975893,6.673789656975893,0.0
6.625494018709361,6.625494018709361,0.0
6.044450808704582,6.044697829609348,0.0002470209047658045
4.619452457785556,6.814736454666672,2.195283996881116
8.085923300127032,8.085923300127032,0.0
8.056746199484152,8.056746199484152,0.0
7.94403869080322,7.94403869080322,0.0
7.596251513326459,9.663945718201262,2.067694204874803
7.328539900246996,12.911673367564845,5.5831334673178485
3.906137203433417,3.906137203433417,0.0
4.246410223308814,4.246410223308828,1.4210854715202004e-14
4.501799573308801,4.501799573308801,0.0
4.643763154339894,4.643763154339894,0.0
6.352397245928955,6.352397245928955,0.0
5.838003309609405,5.838003309609405,0.0
6.162818772164272,6.162818772164272,0.0
5.7914807915299065,5.7914807915299065,0.0
6.14937689408724,7.376968517635568,1.227591623548328
5.652845274172435,7.915708040909323,2.2628627667368875
2.3523286102930694,4.170732732537971,1.8184041222449014
2.4856367101825914,3.4524698324549945,0.9668331222724031
2.529501551086571,2.551213355448965,0.021711804362394282
2.3137542833284526,2.8448465657319417,0.5310922824034892
2.1541597510981703,2.1541597510981703,0.0
7.01826063161954,7.01826063161954,0.0
8.32023990938913,8.320239909389137,7.105427357601002e-15
8.326268443942787,8.326268443942787,0.0
7.48496786089871,9.188118947784872,1.7031510868861623
7.2643710774093115,8.09410663477243,0.8297355573631187
2.696397486555412,2.696397486555419,7.105427357601002e-15
2.451310804571186,2.451310804571186,0.0
1.9688488855899493,2.8870594252542805,0.9182105396643312
1.8988463016800132,3.146490973947394,1.2476446722673806
1.0823890553162059,4.810006100733062,3.7276170454168565
5.029889458870092,6.136269731751556,1.1063802728814638
5.50321170997205,6.324040409208745,0.8208286992366949
5.581912046378163,6.529534690159405,0.9476226437812425
5.502770353225422,6.774351102403742,1.2715807491783195
5.371045758636896,6.043583651900434,0.672537893263538
3.2556068652518757,3.2556068652518757,0.0
3.1761868232312374,3.1761868232312374,0.0
2.8967887666290006,2.8967887666290006,0.0
2.514213868908402,2.514213868908402,0.0
2.640651584346166,2.985589533343253,0.34493794899708696
2.3286822298240395,2.3286822298240395,0.0
0.35242496171319804,1.7551369369318053,1.4027119752186072
0.6684302275512213,1.797428993535,1.1289987659837788
0.8127507189630734,1.9875939318437048,1.1748432128806314
1.2922040768009957,1.2922040768009957,0.0
0.09548690280479732,0.5283952908830472,0.43290838807824983
0.42549767168504715,0.6616039650492933,0.23610629336424616
0.06103174120752897,0.7805335410462533,0.7195017998387243
0.15548207323017493,0.7979862383044063,0.6425041650742314
0.9281222948588557,0.9281222948588557,0.0
3.9022610458407136,6.966832318607516,3.064571272766802
3.7797971605261154,6.759172948300474,2.9793757877743587
6.40662129629483,6.486978836808916,0.08035754051408617
3.9556412376235386,6.239989293886566,2.2843480562630276
6.372098622750173,6.985721251231865,0.6136226284816928
2.730592611333879,2.8092703076920538,0.07867769635817456
2.8150619787779663,2.815061978777967,8.881784197001252e-16
2.8855999739891445,2.8855999739891445,0.0
2.996044722256542,2.9960447222565425,4.440892098500626e-16
3.025332089267441,3.025332089267441,0.0
0.3445354505751794,0.3958288444994622,0.05129339392428278
0.6011094294367325,0.6011094294367325,0.0
0.8515345315660738,0.8556068822089031,0.004072350642829292
0.8034318679821695,0.8382546155518611,0.034822747569691614
0.7700339998973647,0.7700339998973647,0.0
6.43959195982843,6.43959195982843,0.0
6.590868669434892,6.636227690057783,0.04535902062289132
6.574324237989062,6.574324237989062,0.0
6.833471255097866,6.833471255097866,0.0
7.523312093786695,7.523312093786695,0.0
2.764963515841089,2.764963515841089,0.0
2.083398160704558,4.9885394028417664,2.9051412421372085
1.9497354948871006,4.270884001468275,2.3211485065811743
2.1724944143661773,2.898551141463102,0.7260567270969247
3.6710732077512205,3.7185194764441576,0.04744626869293711
11.214919715376027,11.214919715376027,0.0
9.711642684094471,9.740039507041203,0.02839682294673196
7.83974731133226,7.8657465859681395,0.025999274635879033
6.050820883377455,6.050820883377469,1.4210854715202004e-14
5.857049063951806,5.857049063951806,0.0
11.673775486476572,11.673775486476572,0.0
10.01069197431876,10.01069197431876,0.0
0.19457266372807602,8.232353433580386,8.03778076985231
0.6051334703776465,6.8067264940598875,6.201593023682241
0.9701393465036183,5.24565035631997,4.275511009816352
3.53167929990677,11.755177176974541,8.223497877067771
4.880706278393762,10.062380545906151,5.181674267512389
5.797396859076469,9.426634911218173,3.6292380521417043
6.38229505367994,8.372312451244426,1.9900173975644861
6.191491220477008,6.624536052034479,0.43304483155747064
4.594892821836325,4.594892821836325,0.0
4.866034619518828,4.866034619518828,0.0
6.372288835735105,6.372288835735105,0.0
6.600037882399704,6.600037882399704,0.0
6.817354359709526,6.817354359709526,0.0
1.5537822893771391,4.153251205013127,2.5994689156359883
2.7925010947448072,7.803169487274559,5.010668392529752
7.811898037181756,7.811898037181756,0.0
3.731974680737366,7.845674344279528,4.113699663542162
0.3961431314134529,12.67927202115558,12.283128889742127
0.4130062205765057,2.365929797820556,1.95292357724405
6.253106858359175,6.253106858359175,0.0
6.53038107221154,6.600793647637843,0.07041257542630319
7.946283037137974,7.949665123850011,0.0033820867120368803
0.12448027338784762,10.755040165759524,10.630559892371677
0.16685303849517652,0.16685303849517652,0.0
0.05621663580802494,0.15756015474674712,0.10134351893872218
1.3027904716819982,2.512792629117726,1.2100021574357278
2.2023402603548377,2.2023402603548377,0.0
1.2024725249996067,2.867374578629665,1.6649020536300583
0.6630355290288961,9.211403134050055,8.54836760502116
7.176733773025974,11.363926280409359,4.187192507383385
6.001413820883935,14.624251512837894,8.622837691953958
4.519802293753351,18.507499427841395,13.987697134088044
10.14956930968198,23.97800633972404,13.82843703004206
6.132196378977104,6.530788897316,0.3985925183388961
0.5674032649453196,6.255712779919179,5.688309514973859
3.817959682002538,5.969513226231975,2.1515535442294365
5.480986526737357,5.640850456139667,0.15986392940230942
4.203896931261159,4.203896931261159,0.0
2.560375576010806,7.535320569300353,4.974944993289547
3.4980948284202213,6.995230426122362,3.4971355977021403
4.680823467563812,5.327290325176747,0.6464668576129355
5.883574530321564,5.883574530321564,0.0
6.646267948882805,6.646267948882805,0.0
0.7986901698581619,2.8287936902515014,2.0301035203933395
1.2908431191652738,1.2908431191652738,0.0
0.04936079141842242,0.4478910937682752,0.39853030234985276
0.45803719761302375,0.45803719761302375,0.0
0.4978068035421046,0.4978068035421046,0.0
0.3638381646485249,2.6994825050913818,2.335644340442857
0.28708885355882696,0.7827992827343166,0.4957104291754897
0.3178393194961888,0.3178393194961888,0.0
0.3431718631986591,0.34317186319866,8.881784197001252e-16
1.3013477952181098,1.6648329123838792,0.36348511716576937
2.584425838013601,8.746452186560745,6.162026348547144
1.2528540768549696,8.75425774999475,7.50140367313978
2.270399618473725,8.435038232268944,6.164638613795219
4.735776370345482,5.848573351889854,1.1127969815443723
5.080039887316524,5.583070557155699,0.5030306698391751
5.230259838560852,5.230259838560852,0.0
0.5102717686470584,2.385575438712152,1.8753036700650938
0.12983995778631652,2.012154258185703,1.8823143003993863
2.0041450585578104,2.07320947161136,0.0690644130535496
1.3528307347387667,2.288257352240173,0.9354266175014061
2.5321559720587246,2.624951897570181,0.09279592551145655
1.616463431614072,4.045670063864833,2.429206632250761
1.7896241095556924,2.659358570360453,0.8697344608047608
0.7457231053169728,0.7457231053169728,0.0
1.8540074782785778,1.8540074782785778,0.0
1.2865369611778013,3.4083679030121203,2.121830941834319
7.500517941334632,7.8830724925544935,0.3825545512198616
7.699640136643865,7.847930045267187,0.14828990862332248
8.31918720892645,8.31918720892645,0.0
9.29555877425156,9.29555877425156,0.0
10.448120037207843,10.448120037207843,0.0
2.7374384163956735,5.675929437526207,2.9384910211305337
2.923569689479045,3.4177377378744467,0.4941680483954016
3.0151489173652033,3.413125417801189,0.39797650043598587
3.259324867680721,3.259324867680721,0.0
3.3561268545121585,3.3561268545121585,0.0
3.575824888336933,3.575824888336933,0.0
4.018471753513737,14.180702357926748,10.162230604413011
0.8636388858740034,12.006051245072442,11.142412359198438
9.168108419570231,9.168108419570231,0.0
0.6089702253360034,6.228819113601162,5.6198488882651585
2.0527200311242204,3.347992808871517,1.2952727777472965
13.058246452392055,19.26148186732557,6.203235414933516
7.872495196446366,18.56607452215691,10.693579325710544
5.493901213210755,18.965994619486523,13.472093406275768
4.255259548423744,14.458860022628272,10.203600474204528
2.905385872921383,9.550311552216357,6.644925679294974
8.88791513092248,8.88791513092248,0.0
5.901276903441499,7.538655778452274,1.637378875010775
3.386753106978425,8.336339319207879,4.949586212229454
7.874191953718664,8.44849298719766,0.5743010334789966
4.351513708338558,9.29072757382913,4.939213865490572
0.4620928494725973,0.5429693290307256,0.08087647955812827
0.41709518394374356,0.41709518394374356,0.0
0.9477757988348685,1.258537531116005,0.31076173228113646
1.5078038904190691,2.9715676604407264,1.4637637700216573
0.9616924256608925,1.6964842404250504,0.7347918147641579
1.8333604363844298,1.8917705985869429,0.05841016220251305
1.8820788840909923,2.4918402761664566,0.6097613920754643
1.9568181408691512,3.6993145602188378,1.7424964193496866
2.062857048845766,5.498388515722056,3.4355314668762897
1.9540253162434453,8.190838187383264,6.2368128711398185
3.450991534121215,4.696568356537629,1.2455768224164139
3.6992137543301453,4.157180527078168,0.4579667727480228
0.42567682163038967,3.707585854616063,3.2819090329856735
0.33226045381842084,2.8494748619494388,2.517214408131018
0.9242043052444586,2.0568010582568164,1.1325967530123577
4.8447621060605,7.118891147104275,2.274129041043775
3.3052646210139898,5.8730991698683574,2.5678345488543677
5.807265175344275,6.868545787206729,1.061280611862454
9.408355884893744,9.408355884893744,0.0
10.636554898314927,10.636554898314927,0.0
8.030696093009183,8.030696093009183,0.0
1.1409350850977393,3.4593754769780247,2.3184403918802854
1.391174835104433,1.3960780404186437,0.0049032053142106236
1.4631529508114776,1.4631529508114776,0.0
0.7550555668835806,5.397139694381835,4.642084127498254
3.3955603469198365,3.3955603469198365,0.0
3.0672213786356934,3.9820086493890585,0.9147872707533651
3.832817418597344,5.406723546514101,1.5739061279167572
2.700988404893394,6.004235277684245,3.303246872790851
5.08945049987949,5.963779936717749,0.8743294368382593
9.468082882606437,19.405551498718744,9.937468616112307
6.452059732041691,15.753338938243473,9.301279206201784
1.9833645310160861,14.460602254096315,12.47723772308023
3.058839296275343,9.973384478295955,6.914545182020612
3.6977746819197144,6.631812956099168,2.9340382741794535
0.0,0.0,0.0
0.0,0.0,0.0
0.0,0.0,0.0
0.0,0.0,0.0
0.07246093377014518,0.07246093377014518,0.0
7.781880360884895,14.258025981661419,6.476145620776523
1.660042829526084,11.06146728639552,9.401424456869435
3.0062597264407067,9.014287735663835,6.008028009223128
3.7752168130378525,5.517485894637751,1.7422690815998987
2.960083012999797,2.960083012999797,0.0
0.8570816358811122,0.8570816358811122,0.0
0.7467159511089907,0.7650350518025171,0.01831910069352638
0.4809740597198977,0.6775956358854422,0.19662157616554454
2.1346913162636056,2.1346913162636056,0.0
1.3371468190528901,1.3371468190528901,0.0
0.0,0.0,0.0
0.0,0.0,0.0
0.0,0.0,0.0
0.0,0.0,0.0
0.0,0.0,0.0
2.7765363233763383,8.964887498428212,6.188351175051873
3.221238874852876,7.627389392896362,4.406150518043486
3.771287296992391,6.093156289562344,2.321868992569953
4.111837070456842,5.521572427088806,1.4097353566319644
4.558935164543173,5.6439649837995844,1.0850298192564116
5.835754763433371,7.916472127988445,2.080717364555074
1.0257318287008275,7.420781960231697,6.395050131530869
1.1763196786479426,7.907081489454143,6.7307618108062
4.031237458872731,9.368361206943476,5.337123748070745
4.416806745172785,10.806635145781243,6.389828400608458
4.692771589549622,5.58849337551608,0.8957217859664581
0.9568177317458684,8.163848453066905,7.207030721321036
1.3900845761871174,9.870965699258207,8.48088112307109
1.6044275892693811,11.274880873057725,9.670453283788344
2.2084243409080964,12.905038302471894,10.696613961563799
6.697986162250654,6.697986162250654,0.0
4.811903739091416,4.811903739091416,0.0
2.9398350483573656,3.1075044940876246,0.167669445730259
1.375086129859131,1.7799784093659259,0.40489227950679485
0.16064924156522764,0.16064924156522764,0.0
8.855642942712363,9.051588477275423,0.19594553456306052
8.399175512394283,8.691142812519182,0.2919673001248988
7.544172137747029,7.967096423711953,0.4229242859649238
6.924624957470902,6.924624957470902,0.0
6.722634973772756,6.98723220046568,0.2645972266929242
4.509751950115993,34.927882633671025,30.418130683555034
26.98593219924969,28.797221109032208,1.8112889097825189
0.8594994245696057,25.3194830505661,24.459983625996493
3.4024485116442573,18.708624930877598,15.30617641923334
0.2561006570087834,12.52880695073641,12.272706293727627
4.965777710086243,4.965777710086243,0.0
2.1600537794076473,2.1600537794076473,0.0
0.002954562534341676,0.9771301492532878,0.9741755867189461
0.343415100812269,0.8604209376306979,0.5170058368184289
0.6573021999242172,1.9109275364040599,1.2536253364798426
4.088309418750271,4.088309418750271,0.0
7.750781431069981,7.943257800524364,0.19247636945438273
8.141624419565787,8.270095837149071,0.12847141758328462
8.654313260908438,8.654315079501245,1.8185928070124646e-06
9.052122770494393,9.052122770494393,0.0
9.420326801694202,9.420326801694202,0.0
2.2138661237727497,5.637442772829516,3.4235766490567663
1.9612290548029208,6.305651710101969,4.344422655299049
1.0705194022403965,7.38685356806981,6.316334165829414
1.6576746352383793,7.981253238823925,6.3235786035855455
1.5268952550952015,8.754939174497792,7.228043919402591
1.7948450585432956,9.29522279698287,7.500377738439575
1.882054784811451,8.551672064621016,6.6696172798095645
1.9974204266743316,7.474988220222812,5.477567793548481
2.0745742318585747,6.638738081222527,4.564163849363952
2.1560453682656866,5.780139149010637,3.6240937807449503
9.689411026390417,9.689411026390417,0.0
2.279126894679916,10.662355204980415,8.383228310300499
3.4114603138965722,14.055786342899552,10.644326029002979
3.077132815001703,18.115128224910947,15.037995409909243
2.4909025019950795,21.846328429654122,19.35542592765904
17.74796862164095,17.74796862164095,0.0
1.1227904212098423,12.43818160239151,11.315391181181667
2.627871069660541,6.785884088409723,4.158013018749182
3.425096660923399,3.5127077003462723,0.0876110394228733
3.5911936985217574,3.601564264672721,0.010370566150963434
2.484210068592205,2.484210068592205,0.0
2.6627140218340344,2.6627140218340344,0.0
1.4519985324055185,2.415728598299026,0.9637300658935075
0.7677263529717635,3.0076512735930123,2.239924920621249
4.720085925005208,4.720085925005208,0.0
5.39527598496425,6.881323433232936,1.4860474482686854
5.163497979885101,6.826834196099579,1.6633362162144785
5.116327907948886,7.0813449058955555,1.9650169979466696
5.04841058187823,5.893768484182139,0.8453579023039097
4.905470001961422,5.712703139376055,0.8072331374146327
3.1488446466916855,3.1488446466916855,0.0
4.868643491251291,4.868643491251305,1.4210854715202004e-14
5.21675826441485,5.21675826441485,0.0
5.564056778656507,5.564056778656507,0.0
5.895918192929173,5.895918192929173,0.0
15.327946727843852,15.327946727843852,0.0
1.67780006783914,11.788471937629453,10.110671869790313
3.7603663292432348,7.242081130821543,3.481714801578308
2.651510440847007,3.051757682107534,0.4002472412605269
0.8714679416853528,0.8714679416853528,0.0
0.048625950305947185,0.048625950305947185,0.0
0.03474737761300162,0.2593665118444335,0.22461913423143187
0.1875836521456904,0.5520079089008902,0.36442425675519985
0.4234590527723583,0.8887492762946785,0.4652902235223202
0.6384108340917294,1.248088035964857,0.6096772018731276
4.495021576305314,6.618960556516299,2.123938980210985
4.091935612002603,7.592620304656052,3.500684692653449
3.352213034233799,9.272857720741229,5.92064468650743
3.9395535194113034,9.141282287399832,5.201728767988529
4.849219232555107,9.57985962107874,4.730640388523632
3.762811989003467,5.596261928737285,1.8334499397338178
5.342457733706965,6.461583248545828,1.1191255148388635
3.5573338765616427,4.875720627864988,1.3183867513033452
4.03318403554232,5.226581807359111,1.193397771816791
4.292766607154448,4.71045075217927,0.4176841450248219
2.6826361523856406,6.778018234111009,4.0953820817253686
5.28260901857054,5.28260901857054,0.0
3.532800973004427,4.998663272949415,1.4658622999449875
4.716426135597146,5.054370528040579,0.33794439244343266
5.600706552239046,5.600706552239046,0.0
2.343865480179037,14.413876299910342,12.070010819731305
13.545895044573086,13.545895044573086,0.0
6.49899626967381,6.49899626967381,0.0
5.3494739099744635,5.3494739099744635,0.0
7.970280574323169,7.970280574323169,0.0
4.2902488734642645,5.1498241764658985,0.859575303001634
3.1505933881197734,4.129291196164964,0.9786978080451902
4.518754082639731,4.518754082639731,0.0
1.4148023478598049,3.373350656215223,1.958548308355418
2.5221324573037265,3.4313152390998027,0.9091827817960763
0.8723939267253833,2.563040801948901,1.6906468752235178
1.0346458648482173,7.145549229166022,6.110903364317805
1.7286705686801156,10.65118017806104,8.922509609380924
2.521585056366887,15.130613582957452,12.609028526590564
8.722263127338007,18.92542829589007,10.203165168552065
2.4297812144820887,9.959472749148418,7.529691534666329
2.127226876885535,8.872765560608869,6.745538683723334
2.8755866933822816,8.829646553076799,5.954059859694517
3.599427270439275,8.727897973799287,5.128470703360012
4.2049265761189005,8.76495794402939,4.56003136791049
5.244968615839238,7.23360496929925,1.988636353460012
4.525900103949153,8.783013924049996,4.257113820100843
4.512864511096467,9.386235192537058,4.873370681440591
5.623235162685448,10.048845343777955,4.425610181092507
10.454063254142854,13.482723967617517,3.028660713474663
2.4575840466430243,2.636492963549614,0.1789089169065896
2.5336096791417404,2.921208282399931,0.3875986032581906
1.8709052535931363,2.599827196812967,0.7289219432198308
1.2295558284243437,3.2752231312617255,2.0456673028373817
0.8343648306692595,4.07662784799966,3.2422630173304006
5.124395880744501,5.124395880744501,0.0
3.6189470822648104,5.421284525598907,1.8023374433340962
6.357189633513947,6.608646343988553,0.2514567104746064
7.939702874465496,7.939702874465496,0.0
10.069028887442542,10.069028887442542,0.0
1.9385335177013587,2.7153872672672037,0.776853749565845
2.1054330272546906,2.7737388175903988,0.6683057903357081
2.9868021817291606,2.9868021817291606,0.0
1.1198837076688548,3.127442221145799,2.007558513476944
4.072556514729797,4.072556514729797,0.0
0.8126369761125716,0.9116571425218893,0.09902016640931777
0.9527468506239067,1.0815213172461924,0.12877446662228564
2.573482550448645,2.573482550448645,0.0
3.532055071163768,3.532055071163768,0.0
4.696847997498693,4.696847997498693,0.0
10.719620894401672,10.719620894401672,0.0
1.1745560656719078,10.183464480680193,9.008908415008285
7.987237619246315,7.987237619246315,0.0
7.163857942574012,7.163857942574012,0.0
6.8424872241760895,6.8424872241760895,0.0
1.2124795765768432,2.2774731688216363,1.064993592244793
1.9390404759287776,1.9888592274179757,0.04981875148919812
2.034118683625465,2.034118683625465,0.0
0.6326982185473611,1.2900584054863344,0.6573601869389734
0.2156057497556656,1.5968970473050064,1.3812912975493408
4.681724132641612,8.783920208771022,4.10219607612941
4.072188446956108,5.577123634219873,1.504935187263765
3.1976624450354603,4.486953676358013,1.2892912313225526
2.966988743665116,3.646079780195876,0.6790910365307603
2.7273227965219498,2.727322796521955,5.329070518200751e-15
3.232041794333668,3.232041794333668,0.0
3.839661345768633,3.850923608553316,0.01126226278468323
5.2311252332245175,5.290827639737316,0.059702406512798234
7.455561994440487,7.74676113279186,0.2911991383513737
10.309349915207008,10.74741023674423,0.43806032153722185
5.570094370664364,5.570094370664364,0.0
3.2522454011209163,5.923371278015823,2.671125876894907
3.618102545564021,7.278607552251003,3.660505006686982
3.039753484713877,9.317419927094413,6.277666442380536
11.299058739972622,11.299058739972622,0.0
6.448543443433081,11.175532956711663,4.726989513278582
1.2181270838290885,6.713701865097846,5.495574781268758
2.9467803310925262,3.084842695297965,0.13806236420543883
2.274267914134617,2.730290970770478,0.45602305663586096
2.443483753053574,2.603746174369956,0.16026242131638213
0.0,0.0,0.0
0.0,0.0,0.0
0.0,0.0,0.0
0.0,0.0,0.0
0.0,0.0,0.0
6.984488340367973,10.019645467184482,3.035157126816509
6.430081639559564,6.886687194890637,0.4566055553310733
5.6693213595923115,5.6693213595923115,0.0
4.092972031626035,4.092972031626035,0.0
2.6393932686357093,2.7764106766123433,0.13701740797663398
1.2418435170624367,2.296413073064599,1.0545695560021624
1.3837684545716322,1.5967107988478233,0.21294234427619108
1.5632522881646915,1.7107995409099672,0.1475472527452757
1.4949825974138573,2.41760561519267,0.9226230177788128
1.29390507817675,4.870539260754171,3.576634182577421
1.2828726086070006,2.0089136299548827,0.7260410213478821
1.595215586216252,1.595215586216252,0.0
1.9375675507624543,1.9375675507624543,0.0
2.269832596245564,2.269832596245564,0.0
3.1034221324235034,3.1034221324235034,0.0
4.130114652569631,7.523367895023156,3.3932532424535253
2.61679118447012,6.161234016301208,3.5444428318310877
1.6143484215782564,5.937602683540348,4.3232542619620915
5.490616969147538,5.827399125375408,0.3367821562278692
0.025981295839756058,5.587382570510798,5.5614012746710415
0.008086404517229084,0.906300369879709,0.8982139653624799
1.4552482310422903,1.4552482310422903,0.0
1.015236573097468,1.8473314050151473,0.8320948319176793
2.6063940479666208,2.609244846517811,0.0028507985511900813
2.0241475870160173,2.888409474189165,0.8642618871731478
2.6507707796511113,16.55660608010939,13.905835300458278
13.371531625902819,13.371531625902819,0.0
0.09919461418668618,8.736690825560189,8.637496211373502
5.152368472720482,5.206042629633544,0.05367415691306121
4.4221425862840675,4.619496055003324,0.19735346871925685
4.950728265613796,10.672544309355615,5.7218160437418195
4.277029552473861,8.845663509760826,4.5686339572869645
3.595346485478898,8.559056365849543,4.9637098803706445
3.1284656568567617,7.228187413005941,4.099721756149179
2.8167551366800883,6.7629560383529395,3.946200901672851
0.27470487968451796,0.5977477270224316,0.32304284733791366
0.5879186977401694,0.6098865097119044,0.02196781197173503
0.2873402985460842,0.49857739812920254,0.21123709958311832
0.9060013248074803,0.9060013248074803,0.0
0.9497791554934949,2.038809023113018,1.089029867619523
2.182373875312379,10.4868647111293,8.304490835816921
3.288848431454369,9.165450743031592,5.876602311577223
6.051414481539808,8.107677276556252,2.056262795016444
8.653611072750493,8.653611072750493,0.0
7.4608575572084135,7.4608575572084135,0.0
4.682891219107859,6.870528985178979,2.18763776607112
4.893470651761831,6.67506093585547,1.7815902840936388
5.508410521068498,7.7350063270066585,2.2265958059381603
6.974392257817023,8.656103052686902,1.681710794869879
8.453604481650771,10.010773316430218,1.5571688347794463
0.02681596690097976,8.133915270155185,8.107099303254206
7.387898046021263,7.387898046021263,0.0
5.504993476645382,5.504993476645382,0.0
3.2433594782714437,3.2433594782714437,0.0
0.7660335644735454,1.7323051568922097,0.9662715924186642
3.875185452890072,14.975217429523866,11.100031976633794
4.613517748317722,12.636259466583198,8.022741718265475
5.836134375829921,9.659274935889531,3.82314056005961
6.4904491683522485,8.603073649900722,2.1126244815484734
7.410273026280438,7.937766727068187,0.5274937007877485
4.303302872117854,4.303302872117854,0.0
5.174393441673516,5.17439344167353,1.4210854715202004e-14
3.77594567583788,5.159940440652818,1.383994764814938
5.319501027035486,5.988603195109128,0.6691021680736426
4.867420813967641,6.164537940573354,1.2971171266057127
0.06245560639582948,8.46371732674342,8.401261720347591
2.660665899788171,6.04714483450266,3.3864789347144892
2.471526280501692,4.260503277395925,1.7889769968942328
2.460351622573981,3.1722223027910132,0.7118706802170323
2.1367550898353045,2.1475249748270926,0.010769884991788103
4.71841049620285,5.57648995553506,0.8580794593322105
2.105341859534761,5.697289912542132,3.5919480530073713
3.4652379874918466,6.849482368385367,3.38424438089352
3.582775067815888,8.328381204137216,4.745606136321328
9.887075199116723,9.887075199116723,0.0
1.8560672523311865,5.789783196711639,3.9337159443804524
1.5762029223049012,5.685381922404453,4.109179000099552
1.9008187813931983,6.416413016407301,4.5155942350141025
2.815390386457551,7.356632575040258,4.541242188582707
3.0359576738220113,8.123496802225837,5.087539128403826
